Component,Mass,Cost
Blade,47700,723349.627023951
Hub,71000,175000
Pitch,13000,153590.560541379
Spinner,3142.5,17503.725
LSS,108181,230000
Main Bearing,24000,230000
Second Bearing,4011.7013,4011.7013
Gearbox,144957,820000
HSS,4568.4402,19893.546
Generator,31630.3706199512,1170000
Mainframe,541755,234000
Yaw,58818.0920406948,435056.155543655
Converter,0,395000
HVAC,800,120000
Cover,11921.97,119219.7
Electrical,0,400000
Controls,0,350000
Transformer,13821.5,519688.4
