Component,Mass,Cost
Blade,65000,985696.556741233
Hub,190000,175000
Pitch,13000,153590.560541379
Spinner,3919.5,21831.615
LSS,15734,33451.5303056914
Main Bearing,5664,54280
Second Bearing,2230,2230
Gearbox,100,0
HSS,100,0
Generator,372000,3402521.80377436
Mainframe,70329,30377.1741839023
Yaw,111271.142460507,769441.868386012
Converter,0,592500
HVAC,800,120000
Cover,11921.97,119219.7
Electrical,0,400000
Controls,0,350000
Transformer,13821.5,779532.6
